Workbook

Sheet README
A1: US Fine Jewelry Repair Price & Turnaround Catalog
A2: Seed data for the repair-desk estimate engine. Prepared 3 Oct 2026.
A4: What this is
A5: Typical US retail customer prices for common fine-jewelry repairs, by metal (14K, 18K, platinum), with low / typical / high ranges and turnaround for in-house bench vs sent out.
A7: How it was built
A8: 1. 14K low / typical / high prices are inputs (blue), synthesized from published US jeweler price lists (see Sources tab). Typical leans on the most complete list (S1) and is cross-checked against the others.
A9: 2. 18K and platinum prices are formulas: 14K price x metal multiplier from the Assumptions tab. Each service carries a metal class: L (labor only), P (partial metal), H (heavy metal, e.g. sizing up, shanks).
A10: 3. Pricing logic follows the method David Geller teaches (Geller's Blue Book): labor priced per task plus materials marked up about 3x cost, so metal-heavy jobs scale with metal type and spot price (S9). Geller's Blue Book itself is a paid, copyrighted guide; its price tables are NOT reproduced here.
A11: 4. Turnaround is in business days, from public jeweler and mail-in repair guidance (S6 to S8) plus typical bench practice. Sent-out includes transit to a trade shop or central hub.
A13: Tabs
A14: Assumptions: metal multipliers and add-on fees. Edit the yellow cells to re-price the whole catalog.
A15: Service Catalog: 70 services with codes, price drivers, prices by metal, turnaround, and an intake capture checklist for the AI.
... A23: Prices are independent-jeweler retail benchmarks, 2020 to 2025 lists, not chain-specific. Chains often discount sizing at purchase and clean for free. Gold and platinum spot prices move metal-heavy jobs most (sizing up, shanks). Validate with 2 to 3 chains' actual repair price books during discovery before using in production.

Sheet Assumptions
A1: Assumptions
A2: Metal multipliers applied to 14K prices. Yellow cells are the levers to validate.
A4: Class | B4: Description | C4: 14K | D4: 18K | E4: Platinum | F4: Basis / source
A5: L | B5: Labor only: polishing, tightening, plating, restringing, engraving | C5: 1 | D5: 1 | E5: 1.2 | F5: S5: platinum polish and tightening $60 vs $50 gold (+20%). 18K labor same as 14K.
A6: P | B6: Partial metal: prongs, solder joints, heads, clasps, posts, chain work | C6: 1 | D6: 1.15 | E6: 2 | F6: Judgment between S5 (platinum solder +17%) and S1 (platinum solder 3x). Platinum needs higher heat, separate tools, more finishing time. Validate.
A7: H | B7: Heavy metal: sizing up, shanks, sizing beads, butterfly inserts | C7: 1 | D7: 1.2 | E7: 3 | F7: S1: 18K add 20%, platinum triple for sizing and shanks. S9: material marked up ~3x cost.
A9: Add-on fees
A10: White gold re-rhodium after bench work (per item) | C10: 10 | F10: S1: white gold + rhodium $10 extra on sizing
A11: Rush fee (per job) | C11: 50 | F11: S1: rush job $50
A12: Fancy-shape stone uplift (setting / head jobs) | C12: 0.15 | F12: S1: fancy shapes +15%
A13: Bezel setting uplift | C13: 0.2 | F13: S1: bezels add 20%
A14: Stone sourcing adds to turnaround (business days, max) | C14: 20 | F14: S6: stone sourcing up to four weeks

Sheet Service Catalog
A1: Service Catalog: US fine jewelry repair, retail prices and turnaround
A2: Prices in USD, retail to customer. 14K values are inputs (blue); 18K and platinum are formulas off the Assumptions tab. Turnaround in business days.
A3: Service | G3: 14K price ($) | J3: 18K price ($) | M3: Platinum price ($) | P3: Add-on | Q3: In-house bench (days) | S3: Sent out (days) | U3: Engine fields
A4: Code | B4: Category | C4: Service | D4: Unit | E4: Price driver | F4: Metal class | G4: Low | H4: Typical | I4: High | J4: Low | K4: Typical | L4: High | M4: Low | N4: Typical | O4: High | P4: Each add'l unit (14K typ) | Q4: Min | R4: Max | S4: Min | T4: Max | U4: Same-day eligible | V4: Intake capture checklist (for AI) | W4: Sources
A5: SZ-01 | B5: Sizing | C5: Size down, ladies band up to 3mm | D5: per ring | E5: Width, sizes down, stones in shank | F5: H | G5: 40 | H5: 60 | I5: 90 | J5: =G5*INDEX(Assumptions!$D$5:$D$7,MATCH($F5,Assumptions!$A$5:$A$7,0)) -> 48 | K5: =H5*INDEX(Assumptions!$D$5:$D$7,MATCH($F5,Assumptions!$A$5:$A$7,0)) -> 72 | L5: =I5*INDEX(Assumptions!$D$5:$D$7,MATCH($F5,Assumptions!$A$5:$A$7,0)) -> 108 | M5: =G5*INDEX(Assumptions!$E$5:$E$7,MATCH($F5,Assumptions!$A$5:$A$7,0)) -> 120 | N5: =H5*INDEX(Assumptions!$E$5:$E$7,MATCH($F5,Assumptions!$A$5:$A$7,0)) -> 180 | O5: =I5*INDEX(Assumptions!$E$5:$E$7,MATCH($F5,Assumptions!$A$5:$A$7,0)) -> 270 | Q5: 0 | R5: 3 | S5: 5 | T5: 10 | U5: Yes | V5: Photo: inside shank (karat stamp, existing solder seams), top view. Record current and target size, band width (mm), stones in shank, engraving to protect. | W5: S1,S2,S3,S4,S5
A6: SZ-02 | B6: Sizing | C6: Size up 1 size, ladies band up to 3mm | D6: per ring | E6: Width, sizes up (add'l per size) | F6: H | G6: 50 | H6: 70 | I6: 110 | J6: =G6*INDEX(Assumptions!$D$5:$D$7,MATCH($F6,Assumptions!$A$5:$A$7,0)) -> 60 | K6: =H6*INDEX(Assumptions!$D$5:$D$7,MATCH($F6,Assumptions!$A$5:$A$7,0)) -> 84 | L6: =I6*INDEX(Assumptions!$D$5:$D$7,MATCH($F6,Assumptions!$A$5:$A$7,0)) -> 132 | M6: =G6*INDEX(Assumptions!$E$5:$E$7,MATCH($F6,Assumptions!$A$5:$A$7,0)) -> 150 | N6: =H6*INDEX(Assumptions!$E$5:$E$7,MATCH($F6,Assumptions!$A$5:$A$7,0)) -> 210 | O6: =I6*INDEX(Assumptions!$E$5:$E$7,MATCH($F6,Assumptions!$A$5:$A$7,0)) -> 330 | P6: 15 | Q6: 0 | R6: 3 | S6: 5 | T6: 10 | U6: Yes | V6: Photo: inside shank (karat stamp, existing solder seams), top view. Record current and target size, band width (mm), stones in shank, engraving to protect. | W6: S1,S2,S4
A7: SZ-03 | B7: Sizing | C7: Size down, gents / wide band over 3mm | D7: per ring | E7: Width, profile (comfort fit adds time) | F7: H | G7: 55 | H7: 70 | I7: 120 | J7: =G7*INDEX(Assumptions!$D$5:$D$7,MATCH($F7,Assumptions!$A$5:$A$7,0)) -> 66 | K7: =H7*INDEX(Assumptions!$D$5:$D$7,MATCH($F7,Assumptions!$A$5:$A$7,0)) -> 84 | L7: =I7*INDEX(Assumptions!$D$5:$D$7,MATCH($F7,Assumptions!$A$5:$A$7,0)) -> 144 | M7: =G7*INDEX(Assumptions!$E$5:$E$7,MATCH($F7,Assumptions!$A$5:$A$7,0)) -> 165 | N7: =H7*INDEX(Assumptions!$E$5:$E$7,MATCH($F7,Assumptions!$A$5:$A$7,0)) -> 210 | O7: =I7*INDEX(Assumptions!$E$5:$E$7,MATCH($F7,Assumptions!$A$5:$A$7,0)) -> 360 | Q7: 1 | R7: 3 | S7: 5 | T7: 10 | U7: Yes | V7: Photo: inside shank (karat stamp, existing solder seams), top view. Record current and target size, band width (mm), stones in shank, engraving to protect. | W7: S1,S4
A8: SZ-04 | B8: Sizing | C8: Size up 1 size, gents / wide band over 3mm | D8: per ring | E8: Width, sizes up (add'l per size) | F8: H | G8: 70 | H8: 90 | I8: 150 | J8: =G8*INDEX(Assumptions!$D$5:$D$7,MATCH($F8,Assumptions!$A$5:$A$7,0)) -> 84 | K8: =H8*INDEX(Assumptions!$D$5:$D$7,MATCH($F8,Assumptions!$A$5:$A$7,0)) -> 108 | L8: =I8*INDEX(Assumptions!$D$5:$D$7,MATCH($F8,Assumptions!$A$5:$A$7,0)) -> 180 | M8: =G8*INDEX(Assumptions!$E$5:$E$7,MATCH($F8,Assumptions!$A$5:$A$7,0)) -> 210 | N8: =H8*INDEX(Assumptions!$E$5:$E$7,MATCH($F8,Assumptions!$A$5:$A$7,0)) -> 270 | O8: =I8*INDEX(Assumptions!$E$5:$E$7,MATCH($F8,Assumptions!$A$5:$A$7,0)) -> 450 | P8: 20 | Q8: 1 | R8: 5 | S8: 7 | T8: 10 | U8: No | V8: Photo: inside shank (karat stamp, existing solder seams), top view. Record current and target size, band width (mm), stones in shank, engraving to protect. | W8: S1,S4
A9: SZ-05 | B9: Sizing | C9: Sizing with channel / pave / eternity stones in shank | D9: per ring | E9: Stone count in shank, stone re-tightening | F9: H | G9: 120 | H9: 175 | I9: 400 | J9: =G9*INDEX(Assumptions!$D$5:$D$7,MATCH($F9,Assumptions!$A$5:$A$7,0)) -> 144 | K9: =H9*INDEX(Assumptions!$D$5:$D$7,MATCH($F9,Assumptions!$A$5:$A$7,0)) -> 210 | L9: =I9*INDEX(Assumptions!$D$5:$D$7,MATCH($F9,Assumptions!$A$5:$A$7,0)) -> 480 | M9: =G9*INDEX(Assumptions!$E$5:$E$7,MATCH($F9,Assumptions!$A$5:$A$7,0)) -> 360 | N9: =H9*INDEX(Assumptions!$E$5:$E$7,MATCH($F9,Assumptions!$A$5:$A$7,0)) -> 525 | O9: =I9*INDEX(Assumptions!$E$5:$E$7,MATCH($F9,Assumptions!$A$5:$A$7,0)) -> 1200 | Q9: 3 | R9: 7 | S9: 10 | T9: 15 | U9: No | V9: Photo: inside shank (karat stamp, existing solder seams), top view. Record current and target size, band width (mm), stones in shank, engraving to protect. | W9: S4
A10: SZ-06 | B10: Sizing | C10: Sizing beads / bumps (pair) | D10: per ring | E10: Bead size | F10: P | G10: 45 | H10: 80 | I10: 150 | J10: =G10*INDEX(Assumptions!$D$5:$D$7,MATCH($F10,Assumptions!$A$5:$A$7,0)) -> 51.75 | K10: =H10*INDEX(Assumptions!$D$5:$D$7,MATCH($F10,Assumptions!$A$5:$A$7,0)) -> 92 | L10: =I10*INDEX(Assumptions!$D$5:$D$7,MATCH($F10,Assumptions!$A$5:$A$7,0)) -> 172.5 | M10: =G10*INDEX(Assumptions!$E$5:$E$7,MATCH($F10,Assumptions!$A$5:$A$7,0)) -> 90 | N10: =H10*INDEX(Assumptions!$E$5:$E$7,MATCH($F10,Assumptions!$A$5:$A$7,0)) -> 160 | O10: =I10*INDEX(Assumptions!$E$5:$E$7,MATCH($F10,Assumptions!$A$5:$A$7,0)) -> 300 | Q10: 0 | R10: 2 | S10: 5 | T10: 7 | U10: Yes | V10: Photo: inside shank (karat stamp, existing solder seams), top view. Record current and target size, band width (mm), stones in shank, engraving to protect. | W10: S1,S2
A11: SZ-07 | B11: Sizing | C11: Spring / butterfly sizing insert | D11: per ring | E11: Shank width | F11: H | G11: 60 | H11: 90 | I11: 120 | J11: =G11*INDEX(Assumptions!$D$5:$D$7,MATCH($F11,Assumptions!$A$5:$A$7,0)) -> 72 | K11: =H11*INDEX(Assumptions!$D$5:$D$7,MATCH($F11,Assumptions!$A$5:$A$7,0)) -> 108 | L11: =I11*INDEX(Assumptions!$D$5:$D$7,MATCH($F11,Assumptions!$A$5:$A$7,0)) -> 144 | M11: =G11*INDEX(Assumptions!$E$5:$E$7,MATCH($F11,Assumptions!$A$5:$A$7,0)) -> 180 | N11: =H11*INDEX(Assumptions!$E$5:$E$7,MATCH($F11,Assumptions!$A$5:$A$7,0)) -> 270 | O11: =I11*INDEX(Assumptions!$E$5:$E$7,MATCH($F11,Assumptions!$A$5:$A$7,0)) -> 360 | Q11: 1 | R11: 3 | S11: 5 | T11: 10 | U11: No | V11: Photo: inside shank (karat stamp, existing solder seams), top view. Record current and target size, band width (mm), stones in shank, engraving to protect. | W11: S1
A12: SZ-08 | B12: Sizing | C12: Emergency ring removal (cut off) | D12: per ring | E12: Metal hardness (platinum, tungsten) | F12: L | G12: 20 | H12: 30 | I12: 50 | J12: =G12*INDEX(Assumptions!$D$5:$D$7,MATCH($F12,Assumptions!$A$5:$A$7,0)) -> 20 | K12: =H12*INDEX(Assumptions!$D$5:$D$7,MATCH($F12,Assumptions!$A$5:$A$7,0)) -> 30 | L12: =I12*INDEX(Assumptions!$D$5:$D$7,MATCH($F12,Assumptions!$A$5:$A$7,0)) -> 50 | M12: =G12*INDEX(Assumptions!$E$5:$E$7,MATCH($F12,Assumptions!$A$5:$A$7,0)) -> 24 | N12: =H12*INDEX(Assumptions!$E$5:$E$7,MATCH($F12,Assumptions!$A$5:$A$7,0)) -> 36 | O12: =I12*INDEX(Assumptions!$E$5:$E$7,MATCH($F12,Assumptions!$A$5:$A$7,0)) -> 60 | Q12: 0 | R12: 0 | U12: Yes | V12: Photo: inside shank (karat stamp, existing solder seams), top view. Record current and target size, band width (mm), stones in shank, engraving to protect. | W12: S6
A13: SH-01 | B13: Shank | C13: Quarter shank replacement, up to 3mm | D13: per ring | E13: Width, profile | F13: H | G13: 120 | H13: 150 | I13: 200 | J13: =G13*INDEX(Assumptions!$D$5:$D$7,MATCH($F13,Assumptions!$A$5:$A$7,0)) -> 144 | K13: =H13*INDEX(Assumptions!$D$5:$D$7,MATCH($F13,Assumptions!$A$5:$A$7,0)) -> 180 | L13: =I13*INDEX(Assumptions!$D$5:$D$7,MATCH($F13,Assumptions!$A$5:$A$7,0)) -> 240 | M13: =G13*INDEX(Assumptions!$E$5:$E$7,MATCH($F13,Assumptions!$A$5:$A$7,0)) -> 360 | N13: =H13*INDEX(Assumptions!$E$5:$E$7,MATCH($F13,Assumptions!$A$5:$A$7,0)) -> 450 | O13: =I13*INDEX(Assumptions!$E$5:$E$7,MATCH($F13,Assumptions!$A$5:$A$7,0)) -> 600 | Q13: 2 | R13: 5 | S13: 7 | T13: 15 | U13: No | V13: Photo: thinnest point of shank with caliper reading (mm), any cracks, top view. Record width, metal, stones near repair area. | W13: S1,S4
A14: SH-02 | B14: Shank | C14: Half shank replacement, up to 3mm | D14: per ring | E14: Width, profile | F14: H | G14: 150 | H14: 200 | I14: 275 | J14: =G14*INDEX(Assumptions!$D$5:$D$7,MATCH($F14,Assumptions!$A$5:$A$7,0)) -> 180 | K14: =H14*INDEX(Assumptions!$D$5:$D$7,MATCH($F14,Assumptions!$A$5:$A$7,0)) -> 240 | L14: =I14*INDEX(Assumptions!$D$5:$D$7,MATCH($F14,Assumptions!$A$5:$A$7,0)) -> 330 | M14: =G14*INDEX(Assumptions!$E$5:$E$7,MATCH($F14,Assumptions!$A$5:$A$7,0)) -> 450 | N14: =H14*INDEX(Assumptions!$E$5:$E$7,MATCH($F14,Assumptions!$A$5:$A$7,0)) -> 600 | O14: =I14*INDEX(Assumptions!$E$5:$E$7,MATCH($F14,Assumptions!$A$5:$A$7,0)) -> 825 | Q14: 2 | R14: 5 | S14: 7 | T14: 15 | U14: No | V14: Photo: thinnest point of shank with caliper reading (mm), any cracks, top view. Record width, metal, stones near repair area. | W14: S1,S2,S4
A15: SH-03 | B15: Shank | C15: Half shank replacement, 3 to 5mm | D15: per ring | E15: Width, profile | F15: H | G15: 225 | H15: 300 | I15: 400 | J15: =G15*INDEX(Assumptions!$D$5:$D$7,MATCH($F15,Assumptions!$A$5:$A$7,0)) -> 270 | K15: =H15*INDEX(Assumptions!$D$5:$D$7,MATCH($F15,Assumptions!$A$5:$A$7,0)) -> 360 | L15: =I15*INDEX(Assumptions!$D$5:$D$7,MATCH($F15,Assumptions!$A$5:$A$7,0)) -> 480 | M15: =G15*INDEX(Assumptions!$E$5:$E$7,MATCH($F15,Assumptions!$A$5:$A$7,0)) -> 675 | N15: =H15*INDEX(Assumptions!$E$5:$E$7,MATCH($F15,Assumptions!$A$5:$A$7,0)) -> 900 | O15: =I15*INDEX(Assumptions!$E$5:$E$7,MATCH($F15,Assumptions!$A$5:$A$7,0)) -> 1200 | Q15: 2 | R15: 5 | S15: 7 | T15: 15 | U15: No | V15: Photo: thinnest point of shank with caliper reading (mm), any cracks, top view. Record width, metal, stones near repair area. | W15: S1,S4
A16: SH-04 | B16: Shank | C16: Half shank replacement, 6 to 8mm | D16: per ring | E16: Width, profile | F16: H | G16: 300 | H16: 400 | I16: 550 | J16: =G16*INDEX(Assumptions!$D$5:$D$7,MATCH($F16,Assumptions!$A$5:$A$7,0)) -> 360 | K16: =H16*INDEX(Assumptions!$D$5:$D$7,MATCH($F16,Assumptions!$A$5:$A$7,0)) -> 480 | L16: =I16*INDEX(Assumptions!$D$5:$D$7,MATCH($F16,Assumptions!$A$5:$A$7,0)) -> 660 | M16: =G16*INDEX(Assumptions!$E$5:$E$7,MATCH($F16,Assumptions!$A$5:$A$7,0)) -> 900 | N16: =H16*INDEX(Assumptions!$E$5:$E$7,MATCH($F16,Assumptions!$A$5:$A$7,0)) -> 1200 | O16: =I16*INDEX(Assumptions!$E$5:$E$7,MATCH($F16,Assumptions!$A$5:$A$7,0)) -> 1650 | Q16: 3 | R16: 7 | S16: 10 | T16: 15 | U16: No | V16: Photo: thinnest point of shank with caliper reading (mm), any cracks, top view. Record width, metal, stones near repair area. | W16: S1
A17: SH-05 | B17: Shank | C17: Three-quarter shank replacement, up to 3mm | D17: per ring | E17: Width, profile | F17: H | G17: 200 | H17: 250 | I17: 350 | J17: =G17*INDEX(Assumptions!$D$5:$D$7,MATCH($F17,Assumptions!$A$5:$A$7,0)) -> 240 | K17: =H17*INDEX(Assumptions!$D$5:$D$7,MATCH($F17,Assumptions!$A$5:$A$7,0)) -> 300 | L17: =I17*INDEX(Assumptions!$D$5:$D$7,MATCH($F17,Assumptions!$A$5:$A$7,0)) -> 420 | M17: =G17*INDEX(Assumptions!$E$5:$E$7,MATCH($F17,Assumptions!$A$5:$A$7,0)) -> 600 | N17: =H17*INDEX(Assumptions!$E$5:$E$7,MATCH($F17,Assumptions!$A$5:$A$7,0)) -> 750 | O17: =I17*INDEX(Assumptions!$E$5:$E$7,MATCH($F17,Assumptions!$A$5:$A$7,0)) -> 1050 | Q17: 2 | R17: 5 | S17: 7 | T17: 15 | U17: No | V17: Photo: thinnest point of shank with caliper reading (mm), any cracks, top view. Record width, metal, stones near repair area. | W17: S1
A18: SH-06 | B18: Shank | C18: Full shank / reshank, 3 to 5mm | D18: per ring | E18: Width, stones in shank | F18: H | G18: 250 | H18: 350 | I18: 500 | J18: =G18*INDEX(Assumptions!$D$5:$D$7,MATCH($F18,Assumptions!$A$5:$A$7,0)) -> 300 | K18: =H18*INDEX(Assumptions!$D$5:$D$7,MATCH($F18,Assumptions!$A$5:$A$7,0)) -> 420 | L18: =I18*INDEX(Assumptions!$D$5:$D$7,MATCH($F18,Assumptions!$A$5:$A$7,0)) -> 600 | M18: =G18*INDEX(Assumptions!$E$5:$E$7,MATCH($F18,Assumptions!$A$5:$A$7,0)) -> 750 | N18: =H18*INDEX(Assumptions!$E$5:$E$7,MATCH($F18,Assumptions!$A$5:$A$7,0)) -> 1050 | O18: =I18*INDEX(Assumptions!$E$5:$E$7,MATCH($F18,Assumptions!$A$5:$A$7,0)) -> 1500 | Q18: 3 | R18: 7 | S18: 10 | T18: 15 | U18: No | V18: Photo: thinnest point of shank with caliper reading (mm), any cracks, top view. Record width, metal, stones near repair area. | W18: S2,S4
A19: SH-07 | B19: Shank | C19: Solder break in shank | D19: per ring | E19: Location of break, stones near joint | F19: P | G19: 44 | H19: 60 | I19: 175 | J19: =G19*INDEX(Assumptions!$D$5:$D$7,MATCH($F19,Assumptions!$A$5:$A$7,0)) -> 50.6 | K19: =H19*INDEX(Assumptions!$D$5:$D$7,MATCH($F19,Assumptions!$A$5:$A$7,0)) -> 69 | L19: =I19*INDEX(Assumptions!$D$5:$D$7,MATCH($F19,Assumptions!$A$5:$A$7,0)) -> 201.25 | M19: =G19*INDEX(Assumptions!$E$5:$E$7,MATCH($F19,Assumptions!$A$5:$A$7,0)) -> 88 | N19: =H19*INDEX(Assumptions!$E$5:$E$7,MATCH($F19,Assumptions!$A$5:$A$7,0)) -> 120 | O19: =I19*INDEX(Assumptions!$E$5:$E$7,MATCH($F19,Assumptions!$A$5:$A$7,0)) -> 350 | Q19: 0 | R19: 2 | S19: 5 | T19: 10 | U19: Yes | V19: Photo: thinnest point of shank with caliper reading (mm), any cracks, top view. Record width, metal, stones near repair area. | W19: S1,S2,S4
A20: SH-08 | B20: Shank | C20: Solder 2 rings together (wedding set) | D20: per set | E20: Ring widths | F20: P | G20: 74 | H20: 85 | I20: 120 | J20: =G20*INDEX(Assumptions!$D$5:$D$7,MATCH($F20,Assumptions!$A$5:$A$7,0)) -> 85.1 | K20: =H20*INDEX(Assumptions!$D$5:$D$7,MATCH($F20,Assumptions!$A$5:$A$7,0)) -> 97.75 | L20: =I20*INDEX(Assumptions!$D$5:$D$7,MATCH($F20,Assumptions!$A$5:$A$7,0)) -> 138 | M20: =G20*INDEX(Assumptions!$E$5:$E$7,MATCH($F20,Assumptions!$A$5:$A$7,0)) -> 148 | N20: =H20*INDEX(Assumptions!$E$5:$E$7,MATCH($F20,Assumptions!$A$5:$A$7,0)) -> 170 | O20: =I20*INDEX(Assumptions!$E$5:$E$7,MATCH($F20,Assumptions!$A$5:$A$7,0)) -> 240 | Q20: 0 | R20: 2 | S20: 5 | T20: 10 | U20: Yes | V20: Photo: thinnest point of shank with caliper reading (mm), any cracks, top view. Record width, metal, stones near repair area. | W20: S1,S2,S5
A21: SH-09 | B21: Shank | C21: Solder 3 rings together | D21: per set | E21: Ring widths | F21: P | G21: 110 | H21: 120 | I21: 180 | J21: =G21*INDEX(Assumptions!$D$5:$D$7,MATCH($F21,Assumptions!$A$5:$A$7,0)) -> 126.5 | K21: =H21*INDEX(Assumptions!$D$5:$D$7,MATCH($F21,Assumptions!$A$5:$A$7,0)) -> 138 | L21: =I21*INDEX(Assumptions!$D$5:$D$7,MATCH($F21,Assumptions!$A$5:$A$7,0)) -> 207 | M21: =G21*INDEX(Assumptions!$E$5:$E$7,MATCH($F21,Assumptions!$A$5:$A$7,0)) -> 220 | N21: =H21*INDEX(Assumptions!$E$5:$E$7,MATCH($F21,Assumptions!$A$5:$A$7,0)) -> 240 | O21: =I21*INDEX(Assumptions!$E$5:$E$7,MATCH($F21,Assumptions!$A$5:$A$7,0)) -> 360 | Q21: 1 | R21: 3 | S21: 5 | T21: 10 | U21: No | V21: Photo: thinnest point of shank with caliper reading (mm), any cracks, top view. Record width, metal, stones near repair area. | W21: S1,S5
A22: SH-10 | B22: Shank | C22: Cut soldered rings apart and refinish | D22: per set | E22: Number of joints | F22: L | G22: 75 | H22: 100 | I22: 140 | J22: =G22*INDEX(Assumptions!$D$5:$D$7,MATCH($F22,Assumptions!$A$5:$A$7,0)) -> 75 | K22: =H22*INDEX(Assumptions!$D$5:$D$7,MATCH($F22,Assumptions!$A$5:$A$7,0)) -> 100 | L22: =I22*INDEX(Assumptions!$D$5:$D$7,MATCH($F22,Assumptions!$A$5:$A$7,0)) -> 140 | M22: =G22*INDEX(Assumptions!$E$5:$E$7,MATCH($F22,Assumptions!$A$5:$A$7,0)) -> 90 | N22: =H22*INDEX(Assumptions!$E$5:$E$7,MATCH($F22,Assumptions!$A$5:$A$7,0)) -> 120 | O22: =I22*INDEX(Assumptions!$E$5:$E$7,MATCH($F22,Assumptions!$A$5:$A$7,0)) -> 168 | Q22: 0 | R22: 2 | S22: 5 | T22: 10 | U22: Yes | V22: Photo: thinnest point of shank with caliper reading (mm), any cracks, top view. Record width, metal, stones near repair area. | W22: S1
A23: SH-11 | B23: Shank | C23: Reshape out-of-round / bent band and refinish | D23: per ring | E23: Severity | F23: L | G23: 40 | H23: 75 | I23: 150 | J23: =G23*INDEX(Assumptions!$D$5:$D$7,MATCH($F23,Assumptions!$A$5:$A$7,0)) -> 40 | K23: =H23*INDEX(Assumptions!$D$5:$D$7,MATCH($F23,Assumptions!$A$5:$A$7,0)) -> 75 | L23: =I23*INDEX(Assumptions!$D$5:$D$7,MATCH($F23,Assumptions!$A$5:$A$7,0)) -> 150 | M23: =G23*INDEX(Assumptions!$E$5:$E$7,MATCH($F23,Assumptions!$A$5:$A$7,0)) -> 48 | N23: =H23*INDEX(Assumptions!$E$5:$E$7,MATCH($F23,Assumptions!$A$5:$A$7,0)) -> 90 | O23: =I23*INDEX(Assumptions!$E$5:$E$7,MATCH($F23,Assumptions!$A$5:$A$7,0)) -> 180 | Q23: 0 | R23: 2 | S23: 5 | T23: 10 | U23: Yes | V23: Photo: thinnest point of shank with caliper reading (mm), any cracks, top view. Record width, metal, stones near repair area. | W23: S1,S5
A24: SH-12 | B24: Shank | C24: Interior guard / reinforcement plate | D24: per ring | E24: Width, length | F24: H | G24: 100 | H24: 150 | I24: 250 | J24: =G24*INDEX(Assumptions!$D$5:$D$7,MATCH($F24,Assumptions!$A$5:$A$7,0)) -> 120 | K24: =H24*INDEX(Assumptions!$D$5:$D$7,MATCH($F24,Assumptions!$A$5:$A$7,0)) -> 180 | L24: =I24*INDEX(Assumptions!$D$5:$D$7,MATCH($F24,Assumptions!$A$5:$A$7,0)) -> 300 | M24: =G24*INDEX(Assumptions!$E$5:$E$7,MATCH($F24,Assumptions!$A$5:$A$7,0)) -> 300 | N24: =H24*INDEX(Assumptions!$E$5:$E$7,MATCH($F24,Assumptions!$A$5:$A$7,0)) -> 450 | O24: =I24*INDEX(Assumptions!$E$5:$E$7,MATCH($F24,Assumptions!$A$5:$A$7,0)) -> 750 | Q24: 2 | R24: 5 | S24: 7 | T24: 15 | U24: No | V24: Photo: thinnest point of shank with caliper reading (mm), any cracks, top view. Record width, metal, stones near repair area. | W24: S4
A25: PR-01 | B25: Prongs & heads | C25: Retip prong (first prong) | D25: per prong | E25: Prong count (add'l per prong), size | F25: P | G25: 24 | H25: 50 | I25: 75 | J25: =G25*INDEX(Assumptions!$D$5:$D$7,MATCH($F25,Assumptions!$A$5:$A$7,0)) -> 27.6 | K25: =H25*INDEX(Assumptions!$D$5:$D$7,MATCH($F25,Assumptions!$A$5:$A$7,0)) -> 57.5 | L25: =I25*INDEX(Assumptions!$D$5:$D$7,MATCH($F25,Assumptions!$A$5:$A$7,0)) -> 86.25 | M25: =G25*INDEX(Assumptions!$E$5:$E$7,MATCH($F25,Assumptions!$A$5:$A$7,0)) -> 48 | N25: =H25*INDEX(Assumptions!$E$5:$E$7,MATCH($F25,Assumptions!$A$5:$A$7,0)) -> 100 | O25: =I25*INDEX(Assumptions!$E$5:$E$7,MATCH($F25,Assumptions!$A$5:$A$7,0)) -> 150 | P25: 20 | Q25: 0 | R25: 2 | S25: 5 | T25: 10 | U25: Yes | V25: Macro photo of each prong from 2 angles; count worn / missing prongs. Record center stone shape, est. carat, chips, loose stone (tap test). | W25: S1,S2,S3,S4
A26: PR-02 | B26: Prongs & heads | C26: Rebuild full prong (first prong) | D26: per prong | E26: Prong count (add'l per prong) | F26: P | G26: 22 | H26: 60 | I26: 90 | J26: =G26*INDEX(Assumptions!$D$5:$D$7,MATCH($F26,Assumptions!$A$5:$A$7,0)) -> 25.3 | K26: =H26*INDEX(Assumptions!$D$5:$D$7,MATCH($F26,Assumptions!$A$5:$A$7,0)) -> 69 | L26: =I26*INDEX(Assumptions!$D$5:$D$7,MATCH($F26,Assumptions!$A$5:$A$7,0)) -> 103.5 | M26: =G26*INDEX(Assumptions!$E$5:$E$7,MATCH($F26,Assumptions!$A$5:$A$7,0)) -> 44 | N26: =H26*INDEX(Assumptions!$E$5:$E$7,MATCH($F26,Assumptions!$A$5:$A$7,0)) -> 120 | O26: =I26*INDEX(Assumptions!$E$5:$E$7,MATCH($F26,Assumptions!$A$5:$A$7,0)) -> 180 | P26: 30 | Q26: 0 | R26: 2 | S26: 5 | T26: 10 | U26: Yes | V26: Macro photo of each prong from 2 angles; count worn / missing prongs. Record center stone shape, est. carat, chips, loose stone (tap test). | W26: S1,S2,S3
A27: PR-03 | B27: Prongs & heads | C27: Retip all prongs, 4-prong solitaire | D27: per head | E27: Center stone size, prong wear | F27: P | G27: 120 | H27: 150 | I27: 300 | J27: =G27*INDEX(Assumptions!$D$5:$D$7,MATCH($F27,Assumptions!$A$5:$A$7,0)) -> 138 | K27: =H27*INDEX(Assumptions!$D$5:$D$7,MATCH($F27,Assumptions!$A$5:$A$7,0)) -> 172.5 | L27: =I27*INDEX(Assumptions!$D$5:$D$7,MATCH($F27,Assumptions!$A$5:$A$7,0)) -> 345 | M27: =G27*INDEX(Assumptions!$E$5:$E$7,MATCH($F27,Assumptions!$A$5:$A$7,0)) -> 240 | N27: =H27*INDEX(Assumptions!$E$5:$E$7,MATCH($F27,Assumptions!$A$5:$A$7,0)) -> 300 | O27: =I27*INDEX(Assumptions!$E$5:$E$7,MATCH($F27,Assumptions!$A$5:$A$7,0)) -> 600 | Q27: 1 | R27: 3 | S27: 5 | T27: 10 | U27: No | V27: Macro photo of each prong from 2 angles; count worn / missing prongs. Record center stone shape, est. carat, chips, loose stone (tap test). | W27: S4
A28: PR-04 | B28: Prongs & heads | C28: V-prong rebuild (princess / marquise corner) | D28: per prong | E28: Prong count | F28: P | G28: 50 | H28: 60 | I28: 90 | J28: =G28*INDEX(Assumptions!$D$5:$D$7,MATCH($F28,Assumptions!$A$5:$A$7,0)) -> 57.5 | K28: =H28*INDEX(Assumptions!$D$5:$D$7,MATCH($F28,Assumptions!$A$5:$A$7,0)) -> 69 | L28: =I28*INDEX(Assumptions!$D$5:$D$7,MATCH($F28,Assumptions!$A$5:$A$7,0)) -> 103.5 | M28: =G28*INDEX(Assumptions!$E$5:$E$7,MATCH($F28,Assumptions!$A$5:$A$7,0)) -> 100 | N28: =H28*INDEX(Assumptions!$E$5:$E$7,MATCH($F28,Assumptions!$A$5:$A$7,0)) -> 120 | O28: =I28*INDEX(Assumptions!$E$5:$E$7,MATCH($F28,Assumptions!$A$5:$A$7,0)) -> 180 | P28: 25 | Q28: 1 | R28: 3 | S28: 5 | T28: 10 | U28: No | V28: Macro photo of each prong from 2 angles; count worn / missing prongs. Record center stone shape, est. carat, chips, loose stone (tap test). | W28: S1
A29: PR-05 | B29: Prongs & heads | C29: Straighten / smooth prongs and refinish | D29: per ring | E29: Prong count | F29: L | G29: 40 | H29: 50 | I29: 75 | J29: =G29*INDEX(Assumptions!$D$5:$D$7,MATCH($F29,Assumptions!$A$5:$A$7,0)) -> 40 | K29: =H29*INDEX(Assumptions!$D$5:$D$7,MATCH($F29,Assumptions!$A$5:$A$7,0)) -> 50 | L29: =I29*INDEX(Assumptions!$D$5:$D$7,MATCH($F29,Assumptions!$A$5:$A$7,0)) -> 75 | M29: =G29*INDEX(Assumptions!$E$5:$E$7,MATCH($F29,Assumptions!$A$5:$A$7,0)) -> 48 | N29: =H29*INDEX(Assumptions!$E$5:$E$7,MATCH($F29,Assumptions!$A$5:$A$7,0)) -> 60 | O29: =I29*INDEX(Assumptions!$E$5:$E$7,MATCH($F29,Assumptions!$A$5:$A$7,0)) -> 90 | Q29: 0 | R29: 1 | S29: 3 | T29: 7 | U29: Yes | V29: Macro photo of each prong from 2 angles; count worn / missing prongs. Record center stone shape, est. carat, chips, loose stone (tap test). | W29: S1
A30: PR-06 | B30: Prongs & heads | C30: Replace head and reset center, .01 to .25ct | D30: per head | E30: Carat, shape (fancy +15%) | F30: P | G30: 95 | H30: 110 | I30: 160 | J30: =G30*INDEX(Assumptions!$D$5:$D$7,MATCH($F30,Assumptions!$A$5:$A$7,0)) -> 109.25 | K30: =H30*INDEX(Assumptions!$D$5:$D$7,MATCH($F30,Assumptions!$A$5:$A$7,0)) -> 126.5 | L30: =I30*INDEX(Assumptions!$D$5:$D$7,MATCH($F30,Assumptions!$A$5:$A$7,0)) -> 184 | M30: =G30*INDEX(Assumptions!$E$5:$E$7,MATCH($F30,Assumptions!$A$5:$A$7,0)) -> 190 | N30: =H30*INDEX(Assumptions!$E$5:$E$7,MATCH($F30,Assumptions!$A$5:$A$7,0)) -> 220 | O30: =I30*INDEX(Assumptions!$E$5:$E$7,MATCH($F30,Assumptions!$A$5:$A$7,0)) -> 320 | Q30: 1 | R30: 3 | S30: 7 | T30: 15 | U30: No | V30: Macro photo of each prong from 2 angles; count worn / missing prongs. Record center stone shape, est. carat, chips, loose stone (tap test). | W30: S1
A31: PR-07 | B31: Prongs & heads | C31: Replace head and reset center, .26 to .50ct | D31: per head | E31: Carat, shape (fancy +15%) | F31: P | G31: 125 | H31: 150 | I31: 220 | J31: =G31*INDEX(Assumptions!$D$5:$D$7,MATCH($F31,Assumptions!$A$5:$A$7,0)) -> 143.75 | K31: =H31*INDEX(Assumptions!$D$5:$D$7,MATCH($F31,Assumptions!$A$5:$A$7,0)) -> 172.5 | L31: =I31*INDEX(Assumptions!$D$5:$D$7,MATCH($F31,Assumptions!$A$5:$A$7,0)) -> 253 | M31: =G31*INDEX(Assumptions!$E$5:$E$7,MATCH($F31,Assumptions!$A$5:$A$7,0)) -> 250 | N31: =H31*INDEX(Assumptions!$E$5:$E$7,MATCH($F31,Assumptions!$A$5:$A$7,0)) -> 300 | O31: =I31*INDEX(Assumptions!$E$5:$E$7,MATCH($F31,Assumptions!$A$5:$A$7,0)) -> 440 | Q31: 1 | R31: 5 | S31: 7 | T31: 15 | U31: No | V31: Macro photo of each prong from 2 angles; count worn / missing prongs. Record center stone shape, est. carat, chips, loose stone (tap test). | W31: S1
A32: PR-08 | B32: Prongs & heads | C32: Replace head and reset center, .51 to 1.00ct | D32: per head | E32: Carat, shape (fancy +15%) | F32: P | G32: 170 | H32: 190 | I32: 260 | J32: =G32*INDEX(Assumptions!$D$5:$D$7,MATCH($F32,Assumptions!$A$5:$A$7,0)) -> 195.5 | K32: =H32*INDEX(Assumptions!$D$5:$D$7,MATCH($F32,Assumptions!$A$5:$A$7,0)) -> 218.5 | L32: =I32*INDEX(Assumptions!$D$5:$D$7,MATCH($F32,Assumptions!$A$5:$A$7,0)) -> 299 | M32: =G32*INDEX(Assumptions!$E$5:$E$7,MATCH($F32,Assumptions!$A$5:$A$7,0)) -> 340 | N32: =H32*INDEX(Assumptions!$E$5:$E$7,MATCH($F32,Assumptions!$A$5:$A$7,0)) -> 380 | O32: =I32*INDEX(Assumptions!$E$5:$E$7,MATCH($F32,Assumptions!$A$5:$A$7,0)) -> 520 | Q32: 1 | R32: 5 | S32: 7 | T32: 15 | U32: No | V32: Macro photo of each prong from 2 angles; count worn / missing prongs. Record center stone shape, est. carat, chips, loose stone (tap test). | W32: S1
A33: PR-09 | B33: Prongs & heads | C33: Replace head and reset center, 1.01 to 2.00ct | D33: per head | E33: Carat, shape (fancy +15%) | F33: P | G33: 200 | H33: 230 | I33: 320 | J33: =G33*INDEX(Assumptions!$D$5:$D$7,MATCH($F33,Assumptions!$A$5:$A$7,0)) -> 230 | K33: =H33*INDEX(Assumptions!$D$5:$D$7,MATCH($F33,Assumptions!$A$5:$A$7,0)) -> 264.5 | L33: =I33*INDEX(Assumptions!$D$5:$D$7,MATCH($F33,Assumptions!$A$5:$A$7,0)) -> 368 | M33: =G33*INDEX(Assumptions!$E$5:$E$7,MATCH($F33,Assumptions!$A$5:$A$7,0)) -> 400 | N33: =H33*INDEX(Assumptions!$E$5:$E$7,MATCH($F33,Assumptions!$A$5:$A$7,0)) -> 460 | O33: =I33*INDEX(Assumptions!$E$5:$E$7,MATCH($F33,Assumptions!$A$5:$A$7,0)) -> 640 | Q33: 2 | R33: 5 | S33: 7 | T33: 15 | U33: No | V33: Macro photo of each prong from 2 angles; count worn / missing prongs. Record center stone shape, est. carat, chips, loose stone (tap test). | W33: S1
A34: PR-10 | B34: Prongs & heads | C34: Straighten / lower / reinstall head | D34: per head | E34: Head style | F34: P | G34: 45 | H34: 50 | I34: 80 | J34: =G34*INDEX(Assumptions!$D$5:$D$7,MATCH($F34,Assumptions!$A$5:$A$7,0)) -> 51.75 | K34: =H34*INDEX(Assumptions!$D$5:$D$7,MATCH($F34,Assumptions!$A$5:$A$7,0)) -> 57.5 | L34: =I34*INDEX(Assumptions!$D$5:$D$7,MATCH($F34,Assumptions!$A$5:$A$7,0)) -> 92 | M34: =G34*INDEX(Assumptions!$E$5:$E$7,MATCH($F34,Assumptions!$A$5:$A$7,0)) -> 90 | N34: =H34*INDEX(Assumptions!$E$5:$E$7,MATCH($F34,Assumptions!$A$5:$A$7,0)) -> 100 | O34: =I34*INDEX(Assumptions!$E$5:$E$7,MATCH($F34,Assumptions!$A$5:$A$7,0)) -> 160 | Q34: 0 | R34: 2 | S34: 5 | T34: 10 | U34: Yes | V34: Macro photo of each prong from 2 angles; count worn / missing prongs. Record center stone shape, est. carat, chips, loose stone (tap test). | W34: S1
A35: ST-01 | B35: Stones | C35: Tighten center stone (incl. refinish) | D35: per ring | E35: Setting type | F35: L | G35: 34 | H35: 65 | I35: 90 | J35: =G35*INDEX(Assumptions!$D$5:$D$7,MATCH($F35,Assumptions!$A$5:$A$7,0)) -> 34 | K35: =H35*INDEX(Assumptions!$D$5:$D$7,MATCH($F35,Assumptions!$A$5:$A$7,0)) -> 65 | L35: =I35*INDEX(Assumptions!$D$5:$D$7,MATCH($F35,Assumptions!$A$5:$A$7,0)) -> 90 | M35: =G35*INDEX(Assumptions!$E$5:$E$7,MATCH($F35,Assumptions!$A$5:$A$7,0)) -> 40.8 | N35: =H35*INDEX(Assumptions!$E$5:$E$7,MATCH($F35,Assumptions!$A$5:$A$7,0)) -> 78 | O35: =I35*INDEX(Assumptions!$E$5:$E$7,MATCH($F35,Assumptions!$A$5:$A$7,0)) -> 108 | Q35: 0 | R35: 1 | S35: 5 | T35: 7 | U35: Yes | V35: Macro photo of every stone; mark missing / chipped / loose on a ring map. Record stone type, est. size, setting style. Flag heat-sensitive stones (emerald, opal, tanzanite, pearl). | W35: S1,S2,S3,S5
A36: ST-02 | B36: Stones | C36: Tighten side / accent stones (first stone) | D36: per stone | E36: Stone count (add'l per stone) | F36: L | G36: 34 | H36: 55 | I36: 75 | J36: =G36*INDEX(Assumptions!$D$5:$D$7,MATCH($F36,Assumptions!$A$5:$A$7,0)) -> 34 | K36: =H36*INDEX(Assumptions!$D$5:$D$7,MATCH($F36,Assumptions!$A$5:$A$7,0)) -> 55 | L36: =I36*INDEX(Assumptions!$D$5:$D$7,MATCH($F36,Assumptions!$A$5:$A$7,0)) -> 75 | M36: =G36*INDEX(Assumptions!$E$5:$E$7,MATCH($F36,Assumptions!$A$5:$A$7,0)) -> 40.8 | N36: =H36*INDEX(Assumptions!$E$5:$E$7,MATCH($F36,Assumptions!$A$5:$A$7,0)) -> 66 | O36: =I36*INDEX(Assumptions!$E$5:$E$7,MATCH($F36,Assumptions!$A$5:$A$7,0)) -> 90 | P36: 20 | Q36: 0 | R36: 1 | S36: 5 | T36: 7 | U36: Yes | V36: Macro photo of every stone; mark missing / chipped / loose on a ring map. Record stone type, est. size, setting style. Flag heat-sensitive stones (emerald, opal, tanzanite, pearl). | W36: S1,S2,S4
A37: ST-03 | B37: Stones | C37: Tighten channel / baguette stones (first stone) | D37: per stone | E37: Stone count (add'l per stone) | F37: L | G37: 45 | H37: 55 | I37: 80 | J37: =G37*INDEX(Assumptions!$D$5:$D$7,MATCH($F37,Assumptions!$A$5:$A$7,0)) -> 45 | K37: =H37*INDEX(Assumptions!$D$5:$D$7,MATCH($F37,Assumptions!$A$5:$A$7,0)) -> 55 | L37: =I37*INDEX(Assumptions!$D$5:$D$7,MATCH($F37,Assumptions!$A$5:$A$7,0)) -> 80 | M37: =G37*INDEX(Assumptions!$E$5:$E$7,MATCH($F37,Assumptions!$A$5:$A$7,0)) -> 54 | N37: =H37*INDEX(Assumptions!$E$5:$E$7,MATCH($F37,Assumptions!$A$5:$A$7,0)) -> 66 | O37: =I37*INDEX(Assumptions!$E$5:$E$7,MATCH($F37,Assumptions!$A$5:$A$7,0)) -> 96 | P37: 15 | Q37: 0 | R37: 2 | S37: 5 | T37: 7 | U37: Yes | V37: Macro photo of every stone; mark missing / chipped / loose on a ring map. Record stone type, est. size, setting style. Flag heat-sensitive stones (emerald, opal, tanzanite, pearl). | W37: S1
A38: ST-04 | B38: Stones | C38: Tighten bezel-set stone (first stone) | D38: per stone | E38: Stone count (add'l per stone) | F38: L | G38: 50 | H38: 65 | I38: 90 | J38: =G38*INDEX(Assumptions!$D$5:$D$7,MATCH($F38,Assumptions!$A$5:$A$7,0)) -> 50 | K38: =H38*INDEX(Assumptions!$D$5:$D$7,MATCH($F38,Assumptions!$A$5:$A$7,0)) -> 65 | L38: =I38*INDEX(Assumptions!$D$5:$D$7,MATCH($F38,Assumptions!$A$5:$A$7,0)) -> 90 | M38: =G38*INDEX(Assumptions!$E$5:$E$7,MATCH($F38,Assumptions!$A$5:$A$7,0)) -> 60 | N38: =H38*INDEX(Assumptions!$E$5:$E$7,MATCH($F38,Assumptions!$A$5:$A$7,0)) -> 78 | O38: =I38*INDEX(Assumptions!$E$5:$E$7,MATCH($F38,Assumptions!$A$5:$A$7,0)) -> 108 | P38: 25 | Q38: 0 | R38: 2 | S38: 5 | T38: 7 | U38: Yes | V38: Macro photo of every stone; mark missing / chipped / loose on a ring map. Record stone type, est. size, setting style. Flag heat-sensitive stones (emerald, opal, tanzanite, pearl). | W38: S1
A39: ST-05 | B39: Stones | C39: Set stone up to .10ct (labor; stone extra) | D39: per stone | E39: Carat, shape (fancy +15%), bezel +20% | F39: L | G39: 15 | H39: 50 | I39: 60 | J39: =G39*INDEX(Assumptions!$D$5:$D$7,MATCH($F39,Assumptions!$A$5:$A$7,0)) -> 15 | K39: =H39*INDEX(Assumptions!$D$5:$D$7,MATCH($F39,Assumptions!$A$5:$A$7,0)) -> 50 | L39: =I39*INDEX(Assumptions!$D$5:$D$7,MATCH($F39,Assumptions!$A$5:$A$7,0)) -> 60 | M39: =G39*INDEX(Assumptions!$E$5:$E$7,MATCH($F39,Assumptions!$A$5:$A$7,0)) -> 18 | N39: =H39*INDEX(Assumptions!$E$5:$E$7,MATCH($F39,Assumptions!$A$5:$A$7,0)) -> 60 | O39: =I39*INDEX(Assumptions!$E$5:$E$7,MATCH($F39,Assumptions!$A$5:$A$7,0)) -> 72 | Q39: 0 | R39: 2 | S39: 5 | T39: 10 | U39: Yes | V39: Macro photo of every stone; mark missing / chipped / loose on a ring map. Record stone type, est. size, setting style. Flag heat-sensitive stones (emerald, opal, tanzanite, pearl). | W39: S1,S2,S3
A40: ST-06 | B40: Stones | C40: Set stone .11 to .25ct (labor; stone extra) | D40: per stone | E40: Carat, shape, setting style | F40: L | G40: 50 | H40: 58 | I40: 80 | J40: =G40*INDEX(Assumptions!$D$5:$D$7,MATCH($F40,Assumptions!$A$5:$A$7,0)) -> 50 | K40: =H40*INDEX(Assumptions!$D$5:$D$7,MATCH($F40,Assumptions!$A$5:$A$7,0)) -> 58 | L40: =I40*INDEX(Assumptions!$D$5:$D$7,MATCH($F40,Assumptions!$A$5:$A$7,0)) -> 80 | M40: =G40*INDEX(Assumptions!$E$5:$E$7,MATCH($F40,Assumptions!$A$5:$A$7,0)) -> 60 | N40: =H40*INDEX(Assumptions!$E$5:$E$7,MATCH($F40,Assumptions!$A$5:$A$7,0)) -> 69.6 | O40: =I40*INDEX(Assumptions!$E$5:$E$7,MATCH($F40,Assumptions!$A$5:$A$7,0)) -> 96 | Q40: 0 | R40: 2 | S40: 5 | T40: 10 | U40: Yes | V40: Macro photo of every stone; mark missing / chipped / loose on a ring map. Record stone type, est. size, setting style. Flag heat-sensitive stones (emerald, opal, tanzanite, pearl). | W40: S1
A41: ST-07 | B41: Stones | C41: Set stone .26 to .75ct (labor; stone extra) | D41: per stone | E41: Carat, shape, setting style | F41: L | G41: 70 | H41: 80 | I41: 110 | J41: =G41*INDEX(Assumptions!$D$5:$D$7,MATCH($F41,Assumptions!$A$5:$A$7,0)) -> 70 | K41: =H41*INDEX(Assumptions!$D$5:$D$7,MATCH($F41,Assumptions!$A$5:$A$7,0)) -> 80 | L41: =I41*INDEX(Assumptions!$D$5:$D$7,MATCH($F41,Assumptions!$A$5:$A$7,0)) -> 110 | M41: =G41*INDEX(Assumptions!$E$5:$E$7,MATCH($F41,Assumptions!$A$5:$A$7,0)) -> 84 | N41: =H41*INDEX(Assumptions!$E$5:$E$7,MATCH($F41,Assumptions!$A$5:$A$7,0)) -> 96 | O41: =I41*INDEX(Assumptions!$E$5:$E$7,MATCH($F41,Assumptions!$A$5:$A$7,0)) -> 132 | Q41: 1 | R41: 3 | S41: 7 | T41: 10 | U41: No | V41: Macro photo of every stone; mark missing / chipped / loose on a ring map. Record stone type, est. size, setting style. Flag heat-sensitive stones (emerald, opal, tanzanite, pearl). | W41: S1
A42: ST-08 | B42: Stones | C42: Set stone .76 to 1.00ct (labor; stone extra) | D42: per stone | E42: Carat, shape, setting style | F42: L | G42: 85 | H42: 95 | I42: 140 | J42: =G42*INDEX(Assumptions!$D$5:$D$7,MATCH($F42,Assumptions!$A$5:$A$7,0)) -> 85 | K42: =H42*INDEX(Assumptions!$D$5:$D$7,MATCH($F42,Assumptions!$A$5:$A$7,0)) -> 95 | L42: =I42*INDEX(Assumptions!$D$5:$D$7,MATCH($F42,Assumptions!$A$5:$A$7,0)) -> 140 | M42: =G42*INDEX(Assumptions!$E$5:$E$7,MATCH($F42,Assumptions!$A$5:$A$7,0)) -> 102 | N42: =H42*INDEX(Assumptions!$E$5:$E$7,MATCH($F42,Assumptions!$A$5:$A$7,0)) -> 114 | O42: =I42*INDEX(Assumptions!$E$5:$E$7,MATCH($F42,Assumptions!$A$5:$A$7,0)) -> 168 | Q42: 1 | R42: 3 | S42: 7 | T42: 10 | U42: No | V42: Macro photo of every stone; mark missing / chipped / loose on a ring map. Record stone type, est. size, setting style. Flag heat-sensitive stones (emerald, opal, tanzanite, pearl). | W42: S1
A43: ST-09 | B43: Stones | C43: Set stone 1.01 to 2.00ct (labor; stone extra) | D43: per stone | E43: Carat, shape, setting style | F43: L | G43: 140 | H43: 180 | I43: 250 | J43: =G43*INDEX(Assumptions!$D$5:$D$7,MATCH($F43,Assumptions!$A$5:$A$7,0)) -> 140 | K43: =H43*INDEX(Assumptions!$D$5:$D$7,MATCH($F43,Assumptions!$A$5:$A$7,0)) -> 180 | L43: =I43*INDEX(Assumptions!$D$5:$D$7,MATCH($F43,Assumptions!$A$5:$A$7,0)) -> 250 | M43: =G43*INDEX(Assumptions!$E$5:$E$7,MATCH($F43,Assumptions!$A$5:$A$7,0)) -> 168 | N43: =H43*INDEX(Assumptions!$E$5:$E$7,MATCH($F43,Assumptions!$A$5:$A$7,0)) -> 216 | O43: =I43*INDEX(Assumptions!$E$5:$E$7,MATCH($F43,Assumptions!$A$5:$A$7,0)) -> 300 | Q43: 1 | R43: 5 | S43: 7 | T43: 15 | U43: No | V43: Macro photo of every stone; mark missing / chipped / loose on a ring map. Record stone type, est. size, setting style. Flag heat-sensitive stones (emerald, opal, tanzanite, pearl). | W43: S1
A44: ST-10 | B44: Stones | C44: Replace missing melee (labor; stone billed separately) | D44: per stone | E44: Stone size, count, matching | F44: L | G44: 40 | H44: 55 | I44: 75 | J44: =G44*INDEX(Assumptions!$D$5:$D$7,MATCH($F44,Assumptions!$A$5:$A$7,0)) -> 40 | K44: =H44*INDEX(Assumptions!$D$5:$D$7,MATCH($F44,Assumptions!$A$5:$A$7,0)) -> 55 | L44: =I44*INDEX(Assumptions!$D$5:$D$7,MATCH($F44,Assumptions!$A$5:$A$7,0)) -> 75 | M44: =G44*INDEX(Assumptions!$E$5:$E$7,MATCH($F44,Assumptions!$A$5:$A$7,0)) -> 48 | N44: =H44*INDEX(Assumptions!$E$5:$E$7,MATCH($F44,Assumptions!$A$5:$A$7,0)) -> 66 | O44: =I44*INDEX(Assumptions!$E$5:$E$7,MATCH($F44,Assumptions!$A$5:$A$7,0)) -> 90 | P44: 15 | Q44: 1 | R44: 3 | S44: 7 | T44: 15 | U44: No | V44: Macro photo of every stone; mark missing / chipped / loose on a ring map. Record stone type, est. size, setting style. Flag heat-sensitive stones (emerald, opal, tanzanite, pearl). | W44: S3,S5
A45: ST-11 | B45: Stones | C45: Rebuild channel wall | D45: per mm | E45: Length in mm | F45: P | G45: 8 | H45: 10 | I45: 15 | J45: =G45*INDEX(Assumptions!$D$5:$D$7,MATCH($F45,Assumptions!$A$5:$A$7,0)) -> 9.2 | K45: =H45*INDEX(Assumptions!$D$5:$D$7,MATCH($F45,Assumptions!$A$5:$A$7,0)) -> 11.5 | L45: =I45*INDEX(Assumptions!$D$5:$D$7,MATCH($F45,Assumptions!$A$5:$A$7,0)) -> 17.25 | M45: =G45*INDEX(Assumptions!$E$5:$E$7,MATCH($F45,Assumptions!$A$5:$A$7,0)) -> 16 | N45: =H45*INDEX(Assumptions!$E$5:$E$7,MATCH($F45,Assumptions!$A$5:$A$7,0)) -> 20 | O45: =I45*INDEX(Assumptions!$E$5:$E$7,MATCH($F45,Assumptions!$A$5:$A$7,0)) -> 30 | Q45: 2 | R45: 5 | S45: 7 | T45: 15 | U45: No | V45: Macro photo of every stone; mark missing / chipped / loose on a ring map. Record stone type, est. size, setting style. Flag heat-sensitive stones (emerald, opal, tanzanite, pearl). | W45: S1
A46: ST-12 | B46: Stones | C46: Remove stone for customer / re-use | D46: per stone | E46: Setting type | F46: L | G46: 6 | H46: 15 | I46: 25 | J46: =G46*INDEX(Assumptions!$D$5:$D$7,MATCH($F46,Assumptions!$A$5:$A$7,0)) -> 6 | K46: =H46*INDEX(Assumptions!$D$5:$D$7,MATCH($F46,Assumptions!$A$5:$A$7,0)) -> 15 | L46: =I46*INDEX(Assumptions!$D$5:$D$7,MATCH($F46,Assumptions!$A$5:$A$7,0)) -> 25 | M46: =G46*INDEX(Assumptions!$E$5:$E$7,MATCH($F46,Assumptions!$A$5:$A$7,0)) -> 7.2 | N46: =H46*INDEX(Assumptions!$E$5:$E$7,MATCH($F46,Assumptions!$A$5:$A$7,0)) -> 18 | O46: =I46*INDEX(Assumptions!$E$5:$E$7,MATCH($F46,Assumptions!$A$5:$A$7,0)) -> 30 | Q46: 0 | R46: 1 | S46: 3 | T46: 7 | U46: Yes | V46: Macro photo of every stone; mark missing / chipped / loose on a ring map. Record stone type, est. size, setting style. Flag heat-sensitive stones (emerald, opal, tanzanite, pearl). | W46: S1
A47: CH-01 | B47: Chains & clasps | C47: Solder chain break, solid link | D47: per break | E47: Link style | F47: P | G47: 20 | H47: 25 | I47: 65 | J47: =G47*INDEX(Assumptions!$D$5:$D$7,MATCH($F47,Assumptions!$A$5:$A$7,0)) -> 23 | K47: =H47*INDEX(Assumptions!$D$5:$D$7,MATCH($F47,Assumptions!$A$5:$A$7,0)) -> 28.75 | L47: =I47*INDEX(Assumptions!$D$5:$D$7,MATCH($F47,Assumptions!$A$5:$A$7,0)) -> 74.75 | M47: =G47*INDEX(Assumptions!$E$5:$E$7,MATCH($F47,Assumptions!$A$5:$A$7,0)) -> 40 | N47: =H47*INDEX(Assumptions!$E$5:$E$7,MATCH($F47,Assumptions!$A$5:$A$7,0)) -> 50 | O47: =I47*INDEX(Assumptions!$E$5:$E$7,MATCH($F47,Assumptions!$A$5:$A$7,0)) -> 130 | Q47: 0 | R47: 1 | S47: 3 | T47: 7 | U47: Yes | V47: Photo full length and the break / clasp close-up. Record length, link style, solid vs hollow, karat stamp, number of breaks or kinks. | W47: S1,S3,S4
A48: CH-02 | B48: Chains & clasps | C48: Solder hollow chain break | D48: per break | E48: Link style, wall thickness | F48: P | G48: 25 | H48: 40 | I48: 75 | J48: =G48*INDEX(Assumptions!$D$5:$D$7,MATCH($F48,Assumptions!$A$5:$A$7,0)) -> 28.75 | K48: =H48*INDEX(Assumptions!$D$5:$D$7,MATCH($F48,Assumptions!$A$5:$A$7,0)) -> 46 | L48: =I48*INDEX(Assumptions!$D$5:$D$7,MATCH($F48,Assumptions!$A$5:$A$7,0)) -> 86.25 | M48: =G48*INDEX(Assumptions!$E$5:$E$7,MATCH($F48,Assumptions!$A$5:$A$7,0)) -> 50 | N48: =H48*INDEX(Assumptions!$E$5:$E$7,MATCH($F48,Assumptions!$A$5:$A$7,0)) -> 80 | O48: =I48*INDEX(Assumptions!$E$5:$E$7,MATCH($F48,Assumptions!$A$5:$A$7,0)) -> 150 | Q48: 0 | R48: 2 | S48: 5 | T48: 7 | U48: Yes | V48: Photo full length and the break / clasp close-up. Record length, link style, solid vs hollow, karat stamp, number of breaks or kinks. | W48: S1
A49: CH-03 | B49: Chains & clasps | C49: Repair rope / herringbone (incl. kink) | D49: per break | E49: Kink length, link style | F49: P | G49: 75 | H49: 100 | I49: 200 | J49: =G49*INDEX(Assumptions!$D$5:$D$7,MATCH($F49,Assumptions!$A$5:$A$7,0)) -> 86.25 | K49: =H49*INDEX(Assumptions!$D$5:$D$7,MATCH($F49,Assumptions!$A$5:$A$7,0)) -> 115 | L49: =I49*INDEX(Assumptions!$D$5:$D$7,MATCH($F49,Assumptions!$A$5:$A$7,0)) -> 230 | M49: =G49*INDEX(Assumptions!$E$5:$E$7,MATCH($F49,Assumptions!$A$5:$A$7,0)) -> 150 | N49: =H49*INDEX(Assumptions!$E$5:$E$7,MATCH($F49,Assumptions!$A$5:$A$7,0)) -> 200 | O49: =I49*INDEX(Assumptions!$E$5:$E$7,MATCH($F49,Assumptions!$A$5:$A$7,0)) -> 400 | Q49: 2 | R49: 5 | S49: 7 | T49: 15 | U49: No | V49: Photo full length and the break / clasp close-up. Record length, link style, solid vs hollow, karat stamp, number of breaks or kinks. | W49: S4
A50: CH-04 | B50: Chains & clasps | C50: Replace spring ring clasp (supply and install) | D50: per clasp | E50: Clasp size 6 to 8mm | F50: P | G50: 20 | H50: 30 | I50: 50 | J50: =G50*INDEX(Assumptions!$D$5:$D$7,MATCH($F50,Assumptions!$A$5:$A$7,0)) -> 23 | K50: =H50*INDEX(Assumptions!$D$5:$D$7,MATCH($F50,Assumptions!$A$5:$A$7,0)) -> 34.5 | L50: =I50*INDEX(Assumptions!$D$5:$D$7,MATCH($F50,Assumptions!$A$5:$A$7,0)) -> 57.5 | M50: =G50*INDEX(Assumptions!$E$5:$E$7,MATCH($F50,Assumptions!$A$5:$A$7,0)) -> 40 | N50: =H50*INDEX(Assumptions!$E$5:$E$7,MATCH($F50,Assumptions!$A$5:$A$7,0)) -> 60 | O50: =I50*INDEX(Assumptions!$E$5:$E$7,MATCH($F50,Assumptions!$A$5:$A$7,0)) -> 100 | Q50: 0 | R50: 1 | S50: 3 | T50: 7 | U50: Yes | V50: Photo full length and the break / clasp close-up. Record length, link style, solid vs hollow, karat stamp, number of breaks or kinks. | W50: S1
A51: CH-05 | B51: Chains & clasps | C51: Replace lobster clasp, small or medium | D51: per clasp | E51: Clasp size | F51: P | G51: 45 | H51: 60 | I51: 150 | J51: =G51*INDEX(Assumptions!$D$5:$D$7,MATCH($F51,Assumptions!$A$5:$A$7,0)) -> 51.75 | K51: =H51*INDEX(Assumptions!$D$5:$D$7,MATCH($F51,Assumptions!$A$5:$A$7,0)) -> 69 | L51: =I51*INDEX(Assumptions!$D$5:$D$7,MATCH($F51,Assumptions!$A$5:$A$7,0)) -> 172.5 | M51: =G51*INDEX(Assumptions!$E$5:$E$7,MATCH($F51,Assumptions!$A$5:$A$7,0)) -> 90 | N51: =H51*INDEX(Assumptions!$E$5:$E$7,MATCH($F51,Assumptions!$A$5:$A$7,0)) -> 120 | O51: =I51*INDEX(Assumptions!$E$5:$E$7,MATCH($F51,Assumptions!$A$5:$A$7,0)) -> 300 | Q51: 0 | R51: 1 | S51: 3 | T51: 7 | U51: Yes | V51: Photo full length and the break / clasp close-up. Record length, link style, solid vs hollow, karat stamp, number of breaks or kinks. | W51: S1,S4
A52: CH-06 | B52: Chains & clasps | C52: Replace lobster clasp, large | D52: per clasp | E52: Clasp size | F52: P | G52: 60 | H52: 80 | I52: 160 | J52: =G52*INDEX(Assumptions!$D$5:$D$7,MATCH($F52,Assumptions!$A$5:$A$7,0)) -> 69 | K52: =H52*INDEX(Assumptions!$D$5:$D$7,MATCH($F52,Assumptions!$A$5:$A$7,0)) -> 92 | L52: =I52*INDEX(Assumptions!$D$5:$D$7,MATCH($F52,Assumptions!$A$5:$A$7,0)) -> 184 | M52: =G52*INDEX(Assumptions!$E$5:$E$7,MATCH($F52,Assumptions!$A$5:$A$7,0)) -> 120 | N52: =H52*INDEX(Assumptions!$E$5:$E$7,MATCH($F52,Assumptions!$A$5:$A$7,0)) -> 160 | O52: =I52*INDEX(Assumptions!$E$5:$E$7,MATCH($F52,Assumptions!$A$5:$A$7,0)) -> 320 | Q52: 0 | R52: 1 | S52: 3 | T52: 7 | U52: Yes | V52: Photo full length and the break / clasp close-up. Record length, link style, solid vs hollow, karat stamp, number of breaks or kinks. | W52: S1,S4
A53: CH-07 | B53: Chains & clasps | C53: Replace box clasp / tongue repair | D53: per clasp | E53: Clasp style | F53: P | G53: 50 | H53: 75 | I53: 150 | J53: =G53*INDEX(Assumptions!$D$5:$D$7,MATCH($F53,Assumptions!$A$5:$A$7,0)) -> 57.5 | K53: =H53*INDEX(Assumptions!$D$5:$D$7,MATCH($F53,Assumptions!$A$5:$A$7,0)) -> 86.25 | L53: =I53*INDEX(Assumptions!$D$5:$D$7,MATCH($F53,Assumptions!$A$5:$A$7,0)) -> 172.5 | M53: =G53*INDEX(Assumptions!$E$5:$E$7,MATCH($F53,Assumptions!$A$5:$A$7,0)) -> 100 | N53: =H53*INDEX(Assumptions!$E$5:$E$7,MATCH($F53,Assumptions!$A$5:$A$7,0)) -> 150 | O53: =I53*INDEX(Assumptions!$E$5:$E$7,MATCH($F53,Assumptions!$A$5:$A$7,0)) -> 300 | Q53: 1 | R53: 3 | S53: 5 | T53: 10 | U53: No | V53: Photo full length and the break / clasp close-up. Record length, link style, solid vs hollow, karat stamp, number of breaks or kinks. | W53: S4
A54: CH-08 | B54: Chains & clasps | C54: Supply and solder jump ring | D54: per ring | E54: Gauge | F54: P | G54: 20 | H54: 22 | I54: 35 | J54: =G54*INDEX(Assumptions!$D$5:$D$7,MATCH($F54,Assumptions!$A$5:$A$7,0)) -> 23 | K54: =H54*INDEX(Assumptions!$D$5:$D$7,MATCH($F54,Assumptions!$A$5:$A$7,0)) -> 25.3 | L54: =I54*INDEX(Assumptions!$D$5:$D$7,MATCH($F54,Assumptions!$A$5:$A$7,0)) -> 40.25 | M54: =G54*INDEX(Assumptions!$E$5:$E$7,MATCH($F54,Assumptions!$A$5:$A$7,0)) -> 40 | N54: =H54*INDEX(Assumptions!$E$5:$E$7,MATCH($F54,Assumptions!$A$5:$A$7,0)) -> 44 | O54: =I54*INDEX(Assumptions!$E$5:$E$7,MATCH($F54,Assumptions!$A$5:$A$7,0)) -> 70 | Q54: 0 | R54: 1 | S54: 3 | T54: 7 | U54: Yes | V54: Photo full length and the break / clasp close-up. Record length, link style, solid vs hollow, karat stamp, number of breaks or kinks. | W54: S1
A55: CH-09 | B55: Chains & clasps | C55: Add safety chain (bracelet) | D55: per item | E55: Length | F55: P | G55: 60 | H55: 80 | I55: 120 | J55: =G55*INDEX(Assumptions!$D$5:$D$7,MATCH($F55,Assumptions!$A$5:$A$7,0)) -> 69 | K55: =H55*INDEX(Assumptions!$D$5:$D$7,MATCH($F55,Assumptions!$A$5:$A$7,0)) -> 92 | L55: =I55*INDEX(Assumptions!$D$5:$D$7,MATCH($F55,Assumptions!$A$5:$A$7,0)) -> 138 | M55: =G55*INDEX(Assumptions!$E$5:$E$7,MATCH($F55,Assumptions!$A$5:$A$7,0)) -> 120 | N55: =H55*INDEX(Assumptions!$E$5:$E$7,MATCH($F55,Assumptions!$A$5:$A$7,0)) -> 160 | O55: =I55*INDEX(Assumptions!$E$5:$E$7,MATCH($F55,Assumptions!$A$5:$A$7,0)) -> 240 | Q55: 0 | R55: 2 | S55: 5 | T55: 7 | U55: Yes | V55: Photo full length and the break / clasp close-up. Record length, link style, solid vs hollow, karat stamp, number of breaks or kinks. | W55: S1
A56: CH-10 | B56: Chains & clasps | C56: Add figure-8 safety | D56: per item | E56: Size | F56: P | G56: 40 | H56: 45 | I56: 70 | J56: =G56*INDEX(Assumptions!$D$5:$D$7,MATCH($F56,Assumptions!$A$5:$A$7,0)) -> 46 | K56: =H56*INDEX(Assumptions!$D$5:$D$7,MATCH($F56,Assumptions!$A$5:$A$7,0)) -> 51.75 | L56: =I56*INDEX(Assumptions!$D$5:$D$7,MATCH($F56,Assumptions!$A$5:$A$7,0)) -> 80.5 | M56: =G56*INDEX(Assumptions!$E$5:$E$7,MATCH($F56,Assumptions!$A$5:$A$7,0)) -> 80 | N56: =H56*INDEX(Assumptions!$E$5:$E$7,MATCH($F56,Assumptions!$A$5:$A$7,0)) -> 90 | O56: =I56*INDEX(Assumptions!$E$5:$E$7,MATCH($F56,Assumptions!$A$5:$A$7,0)) -> 140 | Q56: 0 | R56: 2 | S56: 5 | T56: 7 | U56: Yes | V56: Photo full length and the break / clasp close-up. Record length, link style, solid vs hollow, karat stamp, number of breaks or kinks. | W56: S1
... A69: RF-04 | B69: Refinish & plating | C69: Gold plate (incl. refinish) | D69: per item | E69: Item size, karat color | F69: L | G69: 45 | H69: 60 | I69: 80 | J69: =G69*INDEX(Assumptions!$D$5:$D$7,MATCH($F69,Assumptions!$A$5:$A$7,0)) -> 45 | K69: =H69*INDEX(Assumptions!$D$5:$D$7,MATCH($F69,Assumptions!$A$5:$A$7,0)) -> 60 | L69: =I69*INDEX(Assumptions!$D$5:$D$7,MATCH($F69,Assumptions!$A$5:$A$7,0)) -> 80 | M69: =G69*INDEX(Assumptions!$E$5:$E$7,MATCH($F69,Assumptions!$A$5:$A$7,0)) -> 54 | N69: =H69*INDEX(Assumptions!$E$5:$E$7,MATCH($F69,Assumptions!$A$5:$A$7,0)) -> 72 | O69: =I69*INDEX(Assumptions!$E$5:$E$7,MATCH($F69,Assumptions!$A$5:$A$7,0)) -> 96 | Q69: 0 | R69: 1 | S69: 3 | T69: 7 | U69: Yes | V69: Photo before, under standard light. Record metal color, existing plating, deep scratches or dents, stones that cannot go in ultrasonic. | W69: S1,S3
A70: RF-05 | B70: Refinish & plating | C70: Ultrasonic / steam clean and inspect | D70: per item | E70: Stone safety (no ultrasonic for emerald, opal, pearl) | F70: L | G70: 0 | H70: 25 | I70: 50 | J70: =G70*INDEX(Assumptions!$D$5:$D$7,MATCH($F70,Assumptions!$A$5:$A$7,0)) -> 0 | K70: =H70*INDEX(Assumptions!$D$5:$D$7,MATCH($F70,Assumptions!$A$5:$A$7,0)) -> 25 | L70: =I70*INDEX(Assumptions!$D$5:$D$7,MATCH($F70,Assumptions!$A$5:$A$7,0)) -> 50 | M70: =G70*INDEX(Assumptions!$E$5:$E$7,MATCH($F70,Assumptions!$A$5:$A$7,0)) -> 0 | N70: =H70*INDEX(Assumptions!$E$5:$E$7,MATCH($F70,Assumptions!$A$5:$A$7,0)) -> 30 | O70: =I70*INDEX(Assumptions!$E$5:$E$7,MATCH($F70,Assumptions!$A$5:$A$7,0)) -> 60 | Q70: 0 | R70: 0 | U70: Yes | V70: Photo before, under standard light. Record metal color, existing plating, deep scratches or dents, stones that cannot go in ultrasonic. | W70: S4
A71: RF-06 | B71: Refinish & plating | C71: Restore matte / satin / brushed finish | D71: per item | E71: Finish type | F71: L | G71: 40 | H71: 60 | I71: 90 | J71: =G71*INDEX(Assumptions!$D$5:$D$7,MATCH($F71,Assumptions!$A$5:$A$7,0)) -> 40 | K71: =H71*INDEX(Assumptions!$D$5:$D$7,MATCH($F71,Assumptions!$A$5:$A$7,0)) -> 60 | L71: =I71*INDEX(Assumptions!$D$5:$D$7,MATCH($F71,Assumptions!$A$5:$A$7,0)) -> 90 | M71: =G71*INDEX(Assumptions!$E$5:$E$7,MATCH($F71,Assumptions!$A$5:$A$7,0)) -> 48 | N71: =H71*INDEX(Assumptions!$E$5:$E$7,MATCH($F71,Assumptions!$A$5:$A$7,0)) -> 72 | O71: =I71*INDEX(Assumptions!$E$5:$E$7,MATCH($F71,Assumptions!$A$5:$A$7,0)) -> 108 | Q71: 0 | R71: 2 | S71: 5 | T71: 7 | U71: Yes | V71: Photo before, under standard light. Record metal color, existing plating, deep scratches or dents, stones that cannot go in ultrasonic. | W71: S1
A72: PL-01 | B72: Pearls & beads | C72: Restring pearls, knotted | D72: per inch | E72: Length, clasp reuse | F72: L | G72: 4 | H72: 5 | I72: 7 | J72: =G72*INDEX(Assumptions!$D$5:$D$7,MATCH($F72,Assumptions!$A$5:$A$7,0)) -> 4 | K72: =H72*INDEX(Assumptions!$D$5:$D$7,MATCH($F72,Assumptions!$A$5:$A$7,0)) -> 5 | L72: =I72*INDEX(Assumptions!$D$5:$D$7,MATCH($F72,Assumptions!$A$5:$A$7,0)) -> 7 | M72: =G72*INDEX(Assumptions!$E$5:$E$7,MATCH($F72,Assumptions!$A$5:$A$7,0)) -> 4.8 | N72: =H72*INDEX(Assumptions!$E$5:$E$7,MATCH($F72,Assumptions!$A$5:$A$7,0)) -> 6 | O72: =I72*INDEX(Assumptions!$E$5:$E$7,MATCH($F72,Assumptions!$A$5:$A$7,0)) -> 8.4 | Q72: 3 | R72: 7 | S72: 7 | T72: 15 | U72: No | V72: Photo full strand and clasp. Record length (inches), pearl count, knots yes / no, clasp condition. | W72: S1,S2
A73: PL-02 | B73: Pearls & beads | C73: Restring, no knots ($10 min) | D73: per inch | E73: Length | F73: L | G73: 2 | H73: 2.5 | I73: 4 | J73: =G73*INDEX(Assumptions!$D$5:$D$7,MATCH($F73,Assumptions!$A$5:$A$7,0)) -> 2 | K73: =H73*INDEX(Assumptions!$D$5:$D$7,MATCH($F73,Assumptions!$A$5:$A$7,0)) -> 2.5 | L73: =I73*INDEX(Assumptions!$D$5:$D$7,MATCH($F73,Assumptions!$A$5:$A$7,0)) -> 4 | M73: =G73*INDEX(Assumptions!$E$5:$E$7,MATCH($F73,Assumptions!$A$5:$A$7,0)) -> 2.4 | N73: =H73*INDEX(Assumptions!$E$5:$E$7,MATCH($F73,Assumptions!$A$5:$A$7,0)) -> 3 | O73: =I73*INDEX(Assumptions!$E$5:$E$7,MATCH($F73,Assumptions!$A$5:$A$7,0)) -> 4.8 | Q73: 1 | R73: 3 | S73: 7 | T73: 15 | U73: No | V73: Photo full strand and clasp. Record length (inches), pearl count, knots yes / no, clasp condition. | W73: S1
A74: PL-03 | B74: Pearls & beads | C74: Re-glue pearl on post / cup | D74: per pearl | E74: Cup condition | F74: L | G74: 15 | H74: 20 | I74: 35 | J74: =G74*INDEX(Assumptions!$D$5:$D$7,MATCH($F74,Assumptions!$A$5:$A$7,0)) -> 15 | K74: =H74*INDEX(Assumptions!$D$5:$D$7,MATCH($F74,Assumptions!$A$5:$A$7,0)) -> 20 | L74: =I74*INDEX(Assumptions!$D$5:$D$7,MATCH($F74,Assumptions!$A$5:$A$7,0)) -> 35 | M74: =G74*INDEX(Assumptions!$E$5:$E$7,MATCH($F74,Assumptions!$A$5:$A$7,0)) -> 18 | N74: =H74*INDEX(Assumptions!$E$5:$E$7,MATCH($F74,Assumptions!$A$5:$A$7,0)) -> 24 | O74: =I74*INDEX(Assumptions!$E$5:$E$7,MATCH($F74,Assumptions!$A$5:$A$7,0)) -> 42 | Q74: 0 | R74: 1 | S74: 3 | T74: 7 | U74: Yes | V74: Photo full strand and clasp. Record length (inches), pearl count, knots yes / no, clasp condition. | W74: S1
A75: MS-01 | B75: Misc | C75: Engrave inside ring (machine) | D75: per item | E75: Characters, font | F75: L | G75: 30 | H75: 50 | I75: 75 | J75: =G75*INDEX(Assumptions!$D$5:$D$7,MATCH($F75,Assumptions!$A$5:$A$7,0)) -> 30 | K75: =H75*INDEX(Assumptions!$D$5:$D$7,MATCH($F75,Assumptions!$A$5:$A$7,0)) -> 50 | L75: =I75*INDEX(Assumptions!$D$5:$D$7,MATCH($F75,Assumptions!$A$5:$A$7,0)) -> 75 | M75: =G75*INDEX(Assumptions!$E$5:$E$7,MATCH($F75,Assumptions!$A$5:$A$7,0)) -> 36 | N75: =H75*INDEX(Assumptions!$E$5:$E$7,MATCH($F75,Assumptions!$A$5:$A$7,0)) -> 60 | O75: =I75*INDEX(Assumptions!$E$5:$E$7,MATCH($F75,Assumptions!$A$5:$A$7,0)) -> 90 | Q75: 0 | R75: 2 | S75: 5 | T75: 10 | U75: Yes | V75: Record customer text exactly (engraving), item description, and photos for the file. | W75: S1,S2,S3
A76: MS-02 | B76: Misc | C76: Jewelry appraisal | D76: per item | E76: Item complexity, stones | F76: L | G76: 75 | H76: 100 | I76: 150 | J76: =G76*INDEX(Assumptions!$D$5:$D$7,MATCH($F76,Assumptions!$A$5:$A$7,0)) -> 75 | K76: =H76*INDEX(Assumptions!$D$5:$D$7,MATCH($F76,Assumptions!$A$5:$A$7,0)) -> 100 | L76: =I76*INDEX(Assumptions!$D$5:$D$7,MATCH($F76,Assumptions!$A$5:$A$7,0)) -> 150 | M76: =G76*INDEX(Assumptions!$E$5:$E$7,MATCH($F76,Assumptions!$A$5:$A$7,0)) -> 90 | N76: =H76*INDEX(Assumptions!$E$5:$E$7,MATCH($F76,Assumptions!$A$5:$A$7,0)) -> 120 | O76: =I76*INDEX(Assumptions!$E$5:$E$7,MATCH($F76,Assumptions!$A$5:$A$7,0)) -> 180 | Q76: 1 | R76: 5 | S76: 7 | T76: 14 | U76: No | V76: Record customer text exactly (engraving), item description, and photos for the file. | W76: S1,S3
A78: Notes
A79: Blank turnaround = not applicable (done at counter, or not sent out). Rush fee is on the Assumptions tab.
A80: Stone-setting prices are labor only; stone cost billed separately. Fancy shapes +15%, bezel +20% (Assumptions).
A81: White gold items usually need re-rhodium after bench work: add the white gold fee (Assumptions).
A82: Platinum multiplier for class P (2.00x) is a judgment call between sources; validate with chain price books.
A83: Pearl restringing priced per inch (2 decimals).

Sheet Estimator
A1: Repair Estimator (test harness for engine logic)
A2: Edit the yellow cells. Everything else is calculated from the Service Catalog and Assumptions.
A4: Service code | B4: PR-01
A5: Metal | B5: Platinum
A6: Additional units (extra prongs, stones, sizes) | B6: 3
A7: White gold item? | B7: No
A8: Rush? | B8: No
A10: Result
A11: Service | B11: =INDEX('Service Catalog'!$C$5:$C$76,MATCH($B$4,'Service Catalog'!$A$5:$A$76,0)) -> Retip prong (first prong)
A12: Unit | B12: =INDEX('Service Catalog'!$D$5:$D$76,MATCH($B$4,'Service Catalog'!$A$5:$A$76,0)) -> per prong
A13: Metal class | B13: =INDEX('Service Catalog'!$F$5:$F$76,MATCH($B$4,'Service Catalog'!$A$5:$A$76,0)) -> P
A14: Metal multiplier | B14: =INDEX(Assumptions!$C$5:$E$7,MATCH(B13,Assumptions!$A$5:$A$7,0),MATCH($B$5,Assumptions!$C$4:$E$4,0)) -> 2
A15: Add-ons (add'l units + white gold + rush) | B15: =$B$6*INDEX('Service Catalog'!$P$5:$P$76,MATCH($B$4,'Service Catalog'!$A$5:$A$76,0))*B14+IF(AND($B$7="Yes",$B$5<>"Platinum"),Assumptions!$C$10,0)+IF($B$8="Yes",Assumptions!$C$11,0) -> 120
A16: Estimate: low | B16: =INDEX('Service Catalog'!$G$5:$O$76,MATCH($B$4,'Service Catalog'!$A$5:$A$76,0),(MATCH($B$5,Assumptions!$C$4:$E$4,0)-1)*3+1)+B15 -> 168
A17: Estimate: typical | B17: =INDEX('Service Catalog'!$G$5:$O$76,MATCH($B$4,'Service Catalog'!$A$5:$A$76,0),(MATCH($B$5,Assumptions!$C$4:$E$4,0)-1)*3+2)+B15 -> 220
A18: Estimate: high | B18: =INDEX('Service Catalog'!$G$5:$O$76,MATCH($B$4,'Service Catalog'!$A$5:$A$76,0),(MATCH($B$5,Assumptions!$C$4:$E$4,0)-1)*3+3)+B15 -> 270
A19: Turnaround in-house | B19: =IF(INDEX('Service Catalog'!$R$5:$R$76,MATCH($B$4,'Service Catalog'!$A$5:$A$76,0))="","n/a",IF($B$8="Yes","Same day / next day",INDEX('Service Catalog'!$Q$5:$Q$76,MATCH($B$4,'Service Catalog'!$A$5:$A$76,0))&" to "&INDEX('Service Catalog'!$R$5:$R$76,MATCH($B$4,'Service Catalog'!$A$5:$A$76,0))&" business days")) -> 0 to 2 business days
A20: Turnaround sent out | B20: =IF(INDEX('Service Catalog'!$T$5:$T$76,MATCH($B$4,'Service Catalog'!$A$5:$A$76,0))="","n/a",INDEX('Service Catalog'!$S$5:$S$76,MATCH($B$4,'Service Catalog'!$A$5:$A$76,0))&" to "&INDEX('Service Catalog'!$T$5:$T$76,MATCH($B$4,'Service Catalog'!$A$5:$A$76,0))&" business days") -> 5 to 10 business days
A21: Same-day eligible | B21: =INDEX('Service Catalog'!$U$5:$U$76,MATCH($B$4,'Service Catalog'!$A$5:$A$76,0)) -> Yes
A22: Intake checklist | B22: =INDEX('Service Catalog'!$V$5:$V$76,MATCH($B$4,'Service Catalog'!$A$5:$A$76,0)) -> Macro photo of each prong from 2 angles; count worn / missing prongs. Record center stone shape, est. carat, chips, loose stone (tap test).
A24: Example: platinum solitaire with 4 worn prongs = PR-01 (first prong) + 3 additional units.

Sheet Sources
A1: Code | B1: Source | C1: Used for | D1: URL
A2: S1 | B2: Expert Jewelry Repair & Design, repair price list (Appleton, WI) | C2: Most complete line-item list; 18K +20%, platinum 3x, head and setting tables by carat | D2: https://www.jewelercam.com/repair-price-list/
A3: S2 | B3: My Jewelry Repair, pricing page | C3: Ring repair, sizing, shank, stone, engraving prices | D3: https://myjewelryrepair.com/pricing/
A4: S3 | B4: Quick Jewelry Repairs, pricing (updated July 2020) | C4: Low-end benchmarks: sizing, chain, prongs, plating, appraisal | D4: https://quickjewelryrepairs.com/pricing/
A5: S4 | B5: Robinson's Jewelers, Common jewelry repairs and costs in 2025 | C5: Ranges for sizing, prongs, chains, shanks, earrings, cleaning | D5: https://robinsonsjewelers.com/blogs/news/common-jewelry-repairs-how-much-they-cost-in-2025-your-guide-to-a-sparkling-comeback
A6: S5 | B6: MoissaniteCo, jewelry repair price list | C6: Gold vs platinum differentials (polish, tightening, solder) | D6: https://www.moissaniteco.com/jewelry-repair-side-stone-price-list
A7: S6 | B7: SVS Fine Jewelry, in-house repair (Long Island) | C7: In-house same-day services; stone sourcing up to 4 weeks | D7: https://www.svsfinejewelry.com/pages/jewelry-repair
A8: S7 | B8: Stonebridge Jewelry, fine jewelry repair turnaround guide | C8: Turnaround by repair type; mail-in 2 to 8 weeks | D8: https://stonebridgejewelry.com/blog/fine-jewelry-repair-turnaround-time-guide
A9: S8 | B9: Kay Jewelers mail-in repair FAQ | C9: Chain mail-in benchmark: most simple repairs within 10 days | D9: https://jewelryrepairdirect.com/pages/faq
A10: S9 | B10: InStore: How David Geller figures repair pricing | C10: Method: per-task labor plus materials ~3x cost; metal tied to spot | D10: https://instoremag.com/here-s-how-shop-expert-david-geller-figures-repair-pricing/
A11: Ref | B11: Geller's Blue Book to Jewelry Repair & Design (paid guide, not reproduced) | C11: Industry-standard reference; buy a license to calibrate | D11: https://www.jewelerprofit.com/Blue_Book.html
